Model,Accuracy,Precision,Recall,F1-Score
Enhanced Random Forest,0.964,0.5666666666666667,0.425,0.4857142857142857
Enhanced XGBoost,0.966,0.6071428571428571,0.425,0.5
