{
    "Accuracy": 0.962,
    "Precision": 0.5303030303030303,
    "Recall": 0.4375,
    "F1-Score": 0.4794520547945205,
    "CV_Mean_F1": 0.9775961671740958
}