{
    "Accuracy": 0.964,
    "Precision": 0.5666666666666667,
    "Recall": 0.425,
    "F1-Score": 0.4857142857142857,
    "CV_Mean_F1": 0.9780604555022135
}